hotel_code,hotel_brand,city,states,country,address,contacts,parking,links,is_pet_friendly,pet_policy,pet_fee,weight_limit,service_animals_allowed,last_updated
HILTON-1_MNLPHHI,,,,,,,,,false,,,,false,2025-12-23T06:23:23.726033
HILTON-2_OKAOCHI,,,,,,,,,false,,,,false,2025-12-23T06:23:44.515273
HILTON-3_OKASEHI,,,,,,,,,false,,,,false,2025-12-23T06:23:54.557544
HILTON-4_OKAMIHI,,,,,,,,,false,,,,false,2025-12-23T06:24:04.306463
HILTON-5_TYOODHI,,,,,,,,,false,,,,false,2025-12-23T06:24:14.273754
HILTON-6_TYOTBTW,,,,,,,,,false,,,,false,2025-12-23T06:24:23.716067
HILTON-7_NAGHITW,,,,,,,,,false,,,,false,2025-12-23T06:24:33.553990
HILTON-8_OSAPYPY,,,,,,,,,false,,,,false,2025-12-23T06:24:42.929136
HILTON-9_FUKHIHI,,,,,,,,,false,,,,false,2025-12-23T06:24:53.301612
HILTON-10_ADLHITW,,,,,,,,,false,,,,false,2025-12-23T06:25:02.186486
HILTON-11_HYNOBHT,,,,,,,,,false,,,,false,2025-12-23T06:25:11.987359
HILTON-12_WNZCNDI,,,,,,,,,false,,,,false,2025-12-23T06:25:21.459650
HILTON-13_FOUNDHT,,,,,,,,,false,,,,false,2025-12-23T06:25:31.276898
HILTON-14_XMNBLGI,,,,,,,,,false,,,,false,2025-12-23T06:25:40.522227
HILTON-15_FOCLIHX,,,,,,,,,false,,,,false,2025-12-23T06:25:50.327801
HILTON-16_NGBNCDI,,,,,,,,,false,,,,false,2025-12-23T06:25:59.219392
HILTON-17_WNZINHT,,,,,,,,,false,,,,false,2025-12-23T06:26:09.551925
HILTON-18_WNZOUHT,,,,,,,,,false,,,,false,2025-12-23T06:26:19.060019
HILTON-19_JJNCNHT,,,,,,,,,false,,,,false,2025-12-23T06:26:29.521855
HILTON-20_NGBQAHI,,,,,,,,,false,,,,false,2025-12-23T06:26:38.894279
